{"BebeRexha":{"N":-0.263293,"A":0.012522,"E":1.078016,"C":0.159414,"O":1.451792},"katyperry":{"N":0.022793,"A":0.438868,"E":1.181652,"C":0.358519,"O":0.852021},"AnneMarie":{"N":-0.376855,"A":0.205705,"E":1.26933,"C":-0.114838,"O":0.538771},"kanyewest":{"N":-0.146791,"A":0.181951,"E":0.811954,"C":0.044295,"O":1.717621},"justinbieber":{"N":0.022122,"A":0.741704,"E":1.001091,"C":0.487681,"O":0.349624},"HillaryClinton":{"N":-0.054703,"A":0.662294,"E":0.612721,"C":0.643371,"O":2.813952},"MileyCyrus":{"N":-0.395616,"A":-0.046315,"E":1.277712,"C":-0.218108,"O":0.524512},"Beyonce":{"N":0.086298,"A":0.15275,"E":0.47193,"C":0.301516,"O":0.285083},"AnnaKendrick47":{"N":-0.986992,"A":-0.729543,"E":1.243641,"C":-0.527353,"O":2.412309},"NiallOfficial":{"N":-0.370747,"A":0.327493,"E":1.779577,"C":0.292921,"O":1.796274},"zaynmalik":{"N":-0.444967,"A":0.11578,"E":0.936217,"C":0.015992,"O":1.020201},"Louis_Tomlinson":{"N":-0.328452,"A":0.376474,"E":1.701099,"C":0.056744,"O":1.885053},"Harry_Styles":{"N":0.017409,"A":0.664225,"E":0.78974,"C":0.494007,"O":1.255397},"KylieJenner":{"N":-0.139915,"A":0.419899,"E":1.514884,"C":0.304775,"O":0.591455},"JKCorden":{"N":-0.109314,"A":0.432169,"E":0.945842,"C":0.002211,"O":1.366742},"EmmaWillis":{"N":0.058648,"A":0.698415,"E":1.746485,"C":0.65528,"O":2.090974}}