{
  "BebeRexha": {
    "N": -0.263293,
    "A": 0.012522,
    "E": 1.078016,
    "C": 0.159414,
    "O": 1.451792
  },
  "katyperry": {
    "N": 0.022793,
    "A": 0.438868,
    "E": 1.181652,
    "C": 0.358519,
    "O": 0.852021
  },
  "AnneMarie": {
    "N": -0.376855,
    "A": 0.205705,
    "E": 1.26933,
    "C": -0.114838,
    "O": 0.538771
  }
}